{
    "mean": 0.036950260400772095,
    "std": 0.015271889977157116,
    "min": 0.006349936593323946,
    "max": 0.12904711067676544,
    "percentile_95": 0.06498917192220688,
    "percentile_99": 0.08296699821949005
}